arcasHLA_caucasian,HLA_A_Allele1,HLA_A_Allele2,HLA_B_Allele1,HLA_B_Allele2,HLA_C_Allele1,HLA_C_Allele2,HLA_E_Allele1,HLA_E_Allele2,HLA_F_Allele1,HLA_F_Allele2,HLA_G_Allele1,HLA_G_Allele2,HLA_H_Allele1,HLA_H_Allele2,HLA_J_Allele1,HLA_J_Allele2,HLA_K_Allele1,HLA_K_Allele2,HLA_L_Allele1,HLA_L_Allele2,HLA_N_Allele1,HLA_N_Allele2,HLA_P_Allele1,HLA_P_Allele2,HLA_S_Allele1,HLA_S_Allele2,HLA_T_Allele1,HLA_T_Allele2,HLA_U_Allele1,HLA_U_Allele2,HLA_V_Allele1,HLA_V_Allele2,HLA_W_Allele1,HLA_W_Allele2,HLA_Y_Allele1,HLA_Y_Allele2,HLA_DRA_Allele1,HLA_DRA_Allele2,HLA_DRB_Allele1,HLA_DRB_Allele2,HLA_DQA1_Allele1,HLA_DQA1_Allele2,HLA_DQA2_Allele1,HLA_DQA2_Allele2,HLA_DQB1_Allele1,HLA_DQB1_Allele2,HLA_DPA1_Allele1,HLA_DPA1_Allele2,HLA_DPA2_Allele1,HLA_DPA2_Allele2,HLA_DPB1_Allele1,HLA_DPB1_Allele2,HLA_DPB2_Allele1,HLA_DPB2_Allele2,HLA_DMA_Allele1,HLA_DMA_Allele2,HLA_DMB_Allele1,HLA_DMB_Allele2,HLA_DOA_Allele1,HLA_DOA_Allele2,HLA_DOB_Allele1,HLA_DOB_Allele2,HLA_DRB1_Allele1,HLA_DRB1_Allele2,HLA_DRB2_Allele1,HLA_DRB2_Allele2,HLA_DRB3_Allele1,HLA_DRB3_Allele2,HLA_DRB4_Allele1,HLA_DRB4_Allele2,HLA_DRB5_Allele1,HLA_DRB5_Allele2,HLA_DRB6_Allele1,HLA_DRB6_Allele2,HLA_DRB7_Allele1,HLA_DRB7_Allele2,HLA_DRB8_Allele1,HLA_DRB8_Allele2,HLA_DRB9_Allele1,HLA_DRB9_Allele2,HLA_HFE_Allele1,HLA_HFE_Allele2,HLA_MICA_Allele1,HLA_MICA_Allele2,HLA_MICB_Allele1,HLA_MICB_Allele2,HLA_TAP1_Allele1,HLA_TAP1_Allele2,HLA_TAP2_Allele1,HLA_TAP2_Allele2
ERR009096,A*01:37,A*03:01:01,B*07:02:01,B*08:01:01,C*07:01:01,C*07:02:01,E*01:01:01,E*01:03:02,F*01:03:01,F*01:01:01,NA,NA,NA,NA,NA,NA,NA,NA,NA,NA,NA,NA,NA,NA,NA,NA,NA,NA,NA,NA,NA,NA,NA,NA,NA,NA,DRA*01:02:02,DRA*01:02:03,NA,NA,DQA1*05:01:01,DQA1*01:02:01,NA,NA,DQB1*06:02:01,DQB1*02:01:01,DPA1*01:03:01,NA,NA,NA,DPB1*04:01:01,NA,NA,NA,DMA*01:01:01,NA,DMB*01:01:01,NA,NA,NA,NA,NA,DRB1*03:01:01,DRB1*15:01:01,NA,NA,NA,NA,NA,NA,NA,NA,NA,NA,NA,NA,NA,NA,NA,NA,NA,NA,NA,NA,NA,NA,NA,NA,NA,NA
ERR009097,A*25:01:01,A*03:01:01,B*08:01:01,B*18:01:01,C*07:01:01,C*12:03:01,E*01:01:01,E*01:03:02,F*01:03:01,NA,NA,NA,NA,NA,NA,NA,NA,NA,NA,NA,NA,NA,NA,NA,NA,NA,NA,NA,NA,NA,NA,NA,NA,NA,NA,NA,DRA*01:01:01,NA,NA,NA,DQA1*01:01:01,NA,NA,NA,DQB1*05:01:01,NA,DPA1*01:03:01,NA,NA,NA,DPB1*04:01:01,DPB1*09:01:01,NA,NA,DMA*01:01:01,NA,DMB*01:01:01,NA,NA,NA,NA,NA,DRB1*01:01:01,NA,NA,NA,NA,NA,NA,NA,NA,NA,NA,NA,NA,NA,NA,NA,NA,NA,NA,NA,NA,NA,NA,NA,NA,NA,NA,NA
ERR009099,A*01:01:01,A*03:01:01,B*08:01:01,B*14:02:01,C*07:01:01,C*08:02:01,E*01:01:01,E*01:03:02,F*01:03:01,F*01:01:01,NA,NA,NA,NA,NA,NA,K*01:01:01,NA,NA,NA,NA,NA,NA,NA,NA,NA,NA,NA,NA,NA,NA,NA,NA,NA,NA,NA,DRA*01:01:01,DRA*01:02:02,NA,NA,DQA1*03:01:01,DQA1*05:01:01,NA,NA,DQB1*02:01:01,DQB1*03:02:01,DPA1*01:03:01,NA,NA,NA,DPB1*04:01:01,NA,NA,NA,DMA*01:01:01,NA,DMB*01:03:01,DMB*01:01:01,NA,NA,NA,NA,DRB1*03:01:01,DRB1*04:01:01,NA,NA,NA,NA,NA,NA,NA,NA,NA,NA,NA,NA,NA,NA,NA,NA,NA,NA,NA,NA,NA,NA,NA,NA,NA,NA
ERR009103,A*26:01:01,A*29:02:01,B*44:02:01,B*44:03:01,C*05:01:01,C*16:01:01,E*01:01:01,E*01:03:02,F*01:01:01,F*01:01:03,NA,NA,NA,NA,NA,NA,NA,NA,NA,NA,NA,NA,NA,NA,NA,NA,NA,NA,NA,NA,NA,NA,NA,NA,NA,NA,DRA*01:01:01,DRA*01:02:03,NA,NA,DQA1*01:01:01,DQA1*01:02:01,NA,NA,DQB1*05:01:01,DQB1*06:02:01,DPA1*01:03:01,NA,NA,NA,DPB1*04:01:01,DPB1*02:01:02,NA,NA,DMA*01:01:01,NA,DMB*01:01:01,NA,NA,NA,NA,NA,DRB1*01:01:01,DRB1*15:01:01,NA,NA,NA,NA,NA,NA,NA,NA,NA,NA,NA,NA,NA,NA,NA,NA,NA,NA,NA,NA,NA,NA,NA,NA,NA,NA
ERR009104,A*02:01:01,NA,B*44:02:01,NA,C*05:01:01,NA,E*01:01:01,NA,F*01:01:01,NA,NA,NA,NA,NA,NA,NA,K*01:02,NA,NA,NA,NA,NA,NA,NA,NA,NA,NA,NA,NA,NA,NA,NA,NA,NA,NA,NA,DRA*01:01:01,NA,NA,NA,DQA1*01:03:01,DQA1*03:03:01,NA,NA,DQB1*06:03:01,DQB1*03:01:01,DPA1*01:03:01,NA,NA,NA,DPB1*16:01:01,DPB1*19:01,NA,NA,DMA*01:01:01,NA,DMB*01:03:01,DMB*01:01:01,NA,NA,NA,NA,DRB1*13:01:01,DRB1*04:01:01,NA,NA,NA,NA,NA,NA,NA,NA,NA,NA,NA,NA,NA,NA,NA,NA,NA,NA,NA,NA,NA,NA,NA,NA,NA,NA
ERR009105,A*01:01:01,A*24:02:01,B*07:02:01,B*08:01:01,C*07:01:01,C*07:02:01,E*01:01:01,E*01:03:02,F*01:03:01,F*01:01:01,NA,NA,NA,NA,NA,NA,NA,NA,NA,NA,NA,NA,NA,NA,NA,NA,NA,NA,NA,NA,NA,NA,NA,NA,NA,NA,DRA*01:02:02,DRA*01:02:03,NA,NA,DQA1*05:01:01,DQA1*01:02:01,NA,NA,DQB1*06:02:01,DQB1*02:01:01,DPA1*01:03:01,NA,NA,NA,DPB1*04:01:01,DPB1*03:01:01,NA,NA,DMA*01:01:01,NA,DMB*01:07,DMB*01:01:01,NA,NA,NA,NA,DRB1*03:01:01,DRB1*15:01:01,NA,NA,NA,NA,NA,NA,NA,NA,NA,NA,NA,NA,NA,NA,NA,NA,NA,NA,NA,NA,NA,NA,NA,NA,NA,NA
ERR009106,A*01:01:01,A*24:02:01,B*07:02:01,B*08:01:01,C*07:01:01,C*07:02:01,E*01:01:01,E*01:03:02,F*01:03:01,F*01:01:01,NA,NA,NA,NA,NA,NA,NA,NA,NA,NA,NA,NA,NA,NA,NA,NA,NA,NA,NA,NA,NA,NA,NA,NA,NA,NA,DRA*01:02:02,DRA*01:02:03,NA,NA,DQA1*05:01:01,DQA1*01:02:01,NA,NA,DQB1*06:02:01,DQB1*02:01:01,DPA1*01:03:01,NA,NA,NA,DPB1*04:01:01,NA,NA,NA,DMA*01:01:01,NA,DMB*01:03:01,DMB*01:01:01,NA,NA,NA,NA,DRB1*03:01:01,DRB1*15:01:01,NA,NA,NA,NA,NA,NA,NA,NA,NA,NA,NA,NA,NA,NA,NA,NA,NA,NA,NA,NA,NA,NA,NA,NA,NA,NA
ERR009107,A*25:01:01,A*02:01:01,B*40:01:02,B*44:02:01,C*05:01:01,C*03:04:01,E*01:01:01,E*01:03:02,F*01:04,F*01:01:01,NA,NA,NA,NA,NA,NA,NA,NA,NA,NA,NA,NA,NA,NA,NA,NA,NA,NA,NA,NA,NA,NA,NA,NA,NA,NA,DRA*01:01:01,DRA*01:02:02,NA,NA,DQA1*03:01:01,DQA1*01:02:01,NA,NA,DQB1*03:02:01,DQB1*06:09:01,DPA1*01:03:01,NA,NA,NA,DPB1*04:01:01,DPB1*03:01:01,NA,NA,DMA*01:01:01,NA,DMB*01:01:01,NA,NA,NA,NA,NA,DRB1*13:02:01,DRB1*04:01:01,NA,NA,NA,NA,NA,NA,NA,NA,NA,NA,NA,NA,NA,NA,NA,NA,NA,NA,NA,NA,NA,NA,NA,NA,NA,NA
ERR009108,A*01:01:01,NA,B*08:01:01,B*57:01:01,C*07:01:01,C*06:02:01,E*01:01:01,NA,F*01:01:01,F*01:01:03,NA,NA,NA,NA,NA,NA,NA,NA,NA,NA,NA,NA,NA,NA,NA,NA,NA,NA,NA,NA,NA,NA,NA,NA,NA,NA,DRA*01:01:01,DRA*01:02:03,NA,NA,DQA1*01:03:01,DQA1*01:02:01,NA,NA,DQB1*06:03:01,DQB1*06:02:01,DPA1*01:03:01,NA,NA,NA,DPB1*04:01:01,DPB1*04:02:01,NA,NA,DMA*01:01:01,NA,DMB*01:03:01,DMB*01:01:01,NA,NA,NA,NA,DRB1*13:01:01,DRB1*15:01:01,NA,NA,NA,NA,NA,NA,NA,NA,NA,NA,NA,NA,NA,NA,NA,NA,NA,NA,NA,NA,NA,NA,NA,NA,NA,NA
ERR009109,A*32:01:01,A*02:01:01,B*27:05:02,B*40:02:01,C*07:04:01,C*02:02:02,E*01:01:01,E*01:03:02,F*01:01:01,F*01:01:03,NA,NA,NA,NA,NA,NA,NA,NA,NA,NA,NA,NA,NA,NA,NA,NA,NA,NA,NA,NA,NA,NA,NA,NA,NA,NA,DRA*01:01:01,DRA*01:02:03,NA,NA,DQA1*01:03:01,DQA1*01:02:01,NA,NA,DQB1*06:03:01,DQB1*06:02:01,DPA1*01:03:01,NA,NA,NA,DPB1*04:01:01,DPB1*04:02:01,NA,NA,DMA*01:01:01,NA,DMB*01:01:01,NA,NA,NA,NA,NA,DRB1*13:01:01,DRB1*15:01:01,NA,NA,NA,NA,NA,NA,NA,NA,NA,NA,NA,NA,NA,NA,NA,NA,NA,NA,NA,NA,NA,NA,NA,NA,NA,NA
ERR009111,A*03:01:01,A*24:02:01,B*07:02:01,B*39:06:02,C*07:02:01,NA,E*01:01:01,E*01:03:01,F*01:03:01,F*01:01:01,NA,NA,NA,NA,NA,NA,NA,NA,NA,NA,NA,NA,NA,NA,NA,NA,NA,NA,NA,NA,NA,NA,NA,NA,NA,NA,DRA*01:01:01,DRA*01:02:03,NA,NA,DQA1*01:02:01,NA,NA,NA,DQB1*06:02:01,NA,DPA1*01:03:01,NA,NA,NA,DPB1*04:01:01,DPB1*15:01:01,NA,NA,DMA*01:01:01,NA,DMB*01:03:01,DMB*01:01:01,NA,NA,NA,NA,DRB1*04:07:01,DRB1*15:01:01,NA,NA,NA,NA,NA,NA,NA,NA,NA,NA,NA,NA,NA,NA,NA,NA,NA,NA,NA,NA,NA,NA,NA,NA,NA,NA
ERR009113,A*11:01:01,A*02:01:01,B*35:01:01,B*44:02:01,C*04:01:01,C*05:01:01,E*01:01:01,NA,F*01:01:01,F*01:01:02,NA,NA,H*01:01:01,H*02:06,NA,NA,NA,NA,NA,NA,NA,NA,NA,NA,NA,NA,NA,NA,NA,NA,NA,NA,NA,NA,NA,NA,DRA*01:01:01,DRA*01:02:02,NA,NA,DQA1*01:03:01,DQA1*01:04:01,NA,NA,DQB1*05:03:01,DQB1*06:03:01,DPA1*01:03:01,NA,NA,NA,DPB1*04:01:01,DPB1*03:01:01,NA,NA,DMA*01:01:01,DMA*01:02,DMB*01:01:01,NA,NA,NA,NA,NA,DRB1*13:01:01,DRB1*14:54:01,NA,NA,NA,NA,NA,NA,NA,NA,NA,NA,NA,NA,NA,NA,NA,NA,NA,NA,NA,NA,NA,NA,NA,NA,NA,NA
ERR009114,A*24:02:01,A*29:02:01,B*44:03:01,B*57:01:01,C*06:02:01,C*16:01:01,E*01:01:01,E*01:03:02,F*01:01:01,F*01:01:03,NA,NA,NA,NA,NA,NA,NA,NA,NA,NA,NA,NA,NA,NA,NA,NA,NA,NA,NA,NA,NA,NA,NA,NA,NA,NA,DRA*01:01:01,DRA*01:01:02,NA,NA,DQA1*02:01,NA,NA,NA,DQB1*02:02:01,DQB1*03:03:02,DPA1*01:03:01,NA,NA,NA,DPB1*04:01:01,DPB1*11:01:01,NA,NA,DMA*01:01:01,DMA*01:02,DMB*01:03:01,DMB*01:01:01,NA,NA,NA,NA,DRB1*07:01:01,NA,NA,NA,NA,NA,NA,NA,NA,NA,NA,NA,NA,NA,NA,NA,NA,NA,NA,NA,NA,NA,NA,NA,NA,NA,NA,NA
ERR009115,A*01:01:01,A*02:01:01,B*08:01:01,B*44:02:01,C*07:01:01,C*05:01:01,E*01:01:01,NA,F*01:01:01,F*01:01:03,NA,NA,NA,NA,NA,NA,NA,NA,NA,NA,NA,NA,NA,NA,NA,NA,NA,NA,NA,NA,NA,NA,NA,NA,NA,NA,DRA*01:01:01,DRA*01:02:02,NA,NA,DQA1*05:01:01,DQA1*03:03:01,NA,NA,DQB1*02:01:01,DQB1*03:01:01,DPA1*01:03:01,NA,NA,NA,DPB1*04:01:01,DPB1*02:01:02,NA,NA,DMA*01:01:01,NA,DMB*01:03:01,DMB*01:01:01,NA,NA,NA,NA,DRB1*04:01:01,DRB1*03:01:01,NA,NA,NA,NA,NA,NA,NA,NA,NA,NA,NA,NA,NA,NA,NA,NA,NA,NA,NA,NA,NA,NA,NA,NA,NA,NA
ERR009117,A*03:01:01,A*02:01:01,B*35:01:01,B*44:02:01,C*07:04:01,C*04:01:01,E*01:01:01,E*01:06,F*01:03:01,F*01:01:01,NA,NA,NA,NA,NA,NA,NA,NA,NA,NA,NA,NA,NA,NA,NA,NA,NA,NA,NA,NA,NA,NA,NA,NA,NA,NA,DRA*01:01:01,NA,NA,NA,DQA1*03:03:01,DQA1*01:01:01,NA,NA,DQB1*05:01:01,DQB1*03:01:01,DPA1*01:03:01,NA,NA,NA,DPB1*04:01:01,DPB1*04:02:01,NA,NA,DMA*01:01:01,NA,DMB*01:01:01,NA,NA,NA,NA,NA,DRB1*04:07:01,DRB1*01:01:01,NA,NA,NA,NA,NA,NA,NA,NA,NA,NA,NA,NA,NA,NA,NA,NA,NA,NA,NA,NA,NA,NA,NA,NA,NA,NA
ERR009118,A*02:01:01,NA,B*44:02:01,B*49:01:01,C*07:01:01,C*05:01:01,E*01:01:01,NA,F*01:01:01,NA,NA,NA,NA,NA,NA,NA,K*01:02,NA,NA,NA,NA,NA,NA,NA,NA,NA,NA,NA,NA,NA,NA,NA,NA,NA,NA,NA,DRA*01:01:01,NA,NA,NA,DQA1*01:01:01,DQA1*05:05:01,NA,NA,DQB1*05:01:01,DQB1*03:01:01,DPA1*01:03:01,NA,NA,NA,DPB1*04:01:01,DPB1*03:01:01,NA,NA,DMA*01:01:01,NA,DMB*01:03:01,DMB*01:01:01,NA,NA,NA,NA,DRB1*01:01:01,DRB1*04:05:01,NA,NA,NA,NA,NA,NA,NA,NA,NA,NA,NA,NA,NA,NA,NA,NA,NA,NA,NA,NA,NA,NA,NA,NA,NA,NA
ERR009119,A*01:01:01,A*02:01:01,B*08:01:01,B*35:01:01,C*07:01:01,C*04:01:01,E*01:01:01,E*01:03:02,F*01:01:01,F*01:01:03,NA,NA,NA,NA,NA,NA,NA,NA,NA,NA,NA,NA,NA,NA,NA,NA,NA,NA,NA,NA,NA,NA,NA,NA,NA,NA,DRA*01:01:01,NA,NA,NA,DQA1*05:01:01,DQA1*01:01:01,NA,NA,DQB1*05:01:01,DQB1*02:01:01,DPA1*01:03:01,NA,NA,NA,DPB1*04:01:01,DPB1*18:01,NA,NA,DMA*01:01:01,NA,DMB*01:01:01,NA,NA,NA,NA,NA,DRB1*01:01:01,DRB1*03:01:01,NA,NA,NA,NA,NA,NA,NA,NA,NA,NA,NA,NA,NA,NA,NA,NA,NA,NA,NA,NA,NA,NA,NA,NA,NA,NA
ERR009121,A*02:01:01,NA,B*13:02:01,B*08:01:01,C*07:01:01,C*06:02:01,E*01:03:02,NA,F*01:01:01,F*01:01:03,NA,NA,NA,NA,NA,NA,NA,NA,NA,NA,NA,NA,NA,NA,NA,NA,NA,NA,NA,NA,NA,NA,NA,NA,NA,NA,DRA*01:01:01,DRA*01:02:03,NA,NA,DQA1*03:01:01,DQA1*01:02:01,NA,NA,DQB1*06:02:01,DQB1*03:02:01,DPA1*01:03:01,NA,NA,NA,DPB1*04:01:01,DPB1*05:01:01,NA,NA,DMA*01:01:01,NA,DMB*01:01:01,NA,NA,NA,NA,NA,DRB1*04:01:01,DRB1*15:01:01,NA,NA,NA,NA,NA,NA,NA,NA,NA,NA,NA,NA,NA,NA,NA,NA,NA,NA,NA,NA,NA,NA,NA,NA,NA,NA
ERR009122,A*02:01:01,NA,B*15:01:01,B*44:02:01,C*05:01:01,C*03:04:01,E*01:01:01,E*01:03:02,F*01:01:01,F*01:01:03,NA,NA,NA,NA,NA,NA,NA,NA,NA,NA,NA,NA,NA,NA,NA,NA,NA,NA,NA,NA,NA,NA,NA,NA,NA,NA,DRA*01:01:01,NA,NA,NA,DQA1*03:01:01,DQA1*03:03:01,NA,NA,DQB1*03:02:01,DQB1*03:01:01,DPA1*01:03:01,NA,NA,NA,DPB1*04:01:01,NA,NA,NA,DMA*01:01:01,NA,DMB*01:03:01,DMB*01:01:01,NA,NA,NA,NA,DRB1*04:01:01,NA,NA,NA,NA,NA,NA,NA,NA,NA,NA,NA,NA,NA,NA,NA,NA,NA,NA,NA,NA,NA,NA,NA,NA,NA,NA,NA
ERR009123,A*25:01:01,A*11:01:01,B*07:237,B*18:01:01,C*07:172:01,C*03:03:01,E*01:01:01,E*01:03:02,F*01:03:01,NA,NA,NA,H*02:06,H*01:01:01,NA,NA,NA,NA,NA,NA,NA,NA,NA,NA,NA,NA,NA,NA,NA,NA,NA,NA,NA,NA,NA,NA,DRA*01:01:01,DRA*01:02:03,NA,NA,DQA1*03:03:01,DQA1*01:02:01,NA,NA,DQB1*06:02:01,DQB1*03:02:01,DPA1*01:03:01,NA,NA,NA,DPB1*04:01:01,DPB1*06:01,NA,NA,DMA*01:01:01,DMA*01:02,DMB*01:01:01,NA,NA,NA,NA,NA,DRB1*04:02:01,DRB1*15:01:01,NA,NA,NA,NA,NA,NA,NA,NA,NA,NA,NA,NA,NA,NA,NA,NA,NA,NA,NA,NA,NA,NA,NA,NA,NA,NA
ERR009124,A*01:01:01,A*24:02:01,B*08:01:01,B*40:01:02,C*07:01:01,C*03:04:01,E*01:01:01,NA,F*01:01:03,NA,NA,NA,NA,NA,NA,NA,NA,NA,NA,NA,NA,NA,NA,NA,NA,NA,NA,NA,NA,NA,NA,NA,NA,NA,NA,NA,DRA*01:01:01,DRA*01:01:02,NA,NA,DQA1*02:01,DQA1*03:01:01,NA,NA,DQB1*03:02:01,DQB1*03:03:02,DPA1*01:03:01,NA,NA,NA,DPB1*04:02:01,DPB1*02:01:02,NA,NA,DMA*01:01:01,NA,DMB*01:01:01,NA,NA,NA,NA,NA,DRB1*07:01:01,DRB1*04:04:01,NA,NA,NA,NA,NA,NA,NA,NA,NA,NA,NA,NA,NA,NA,NA,NA,NA,NA,NA,NA,NA,NA,NA,NA,NA,NA
ERR009129,A*01:01:01,A*31:01:02,B*08:01:01,B*40:01:02,C*07:01:01,C*03:04:01,E*01:01:01,E*01:03:02,F*01:01:01,F*01:01:03,NA,NA,NA,NA,NA,NA,NA,NA,NA,NA,NA,NA,NA,NA,NA,NA,NA,NA,NA,NA,NA,NA,NA,NA,NA,NA,DRA*01:01:01,DRA*01:02:02,NA,NA,DQA1*03:01:01,DQA1*05:01:01,NA,NA,DQB1*02:01:01,DQB1*03:02:01,DPA1*01:03:01,NA,NA,NA,DPB1*04:01:01,NA,NA,NA,DMA*01:01:01,NA,DMB*01:03:01,DMB*01:01:01,NA,NA,NA,NA,DRB1*03:01:01,DRB1*04:04:01,NA,NA,NA,NA,NA,NA,NA,NA,NA,NA,NA,NA,NA,NA,NA,NA,NA,NA,NA,NA,NA,NA,NA,NA,NA,NA
ERR009130,A*23:01:01,A*24:02:01,B*44:03:01,B*51:01:01,C*04:09N,C*14:02:01,E*01:01:01,E*01:03:02,F*01:03:01,F*01:01:01,NA,NA,NA,NA,NA,NA,NA,NA,NA,NA,NA,NA,NA,NA,NA,NA,NA,NA,NA,NA,NA,NA,NA,NA,NA,NA,DRA*01:01:01,DRA*01:01:02,NA,NA,DQA1*02:01,NA,NA,NA,DQB1*02:02:01,DQB1*03:03:02,DPA1*01:03:01,NA,NA,NA,DPB1*04:01:01,DPB1*02:01:02,NA,NA,DMA*01:01:01,DMA*01:02,DMB*01:01:01,NA,NA,NA,NA,NA,DRB1*07:01:01,NA,NA,NA,NA,NA,NA,NA,NA,NA,NA,NA,NA,NA,NA,NA,NA,NA,NA,NA,NA,NA,NA,NA,NA,NA,NA,NA
ERR009132,A*01:01:01,A*02:01:01,B*07:02:01,B*08:01:01,C*07:01:01,C*07:02:01,E*01:01:01,NA,F*01:01:01,F*01:01:03,NA,NA,NA,NA,NA,NA,NA,NA,NA,NA,NA,NA,NA,NA,NA,NA,NA,NA,NA,NA,NA,NA,NA,NA,NA,NA,DRA*01:01:01,DRA*01:02:02,NA,NA,DQA1*05:01:01,DQA1*03:03:01,NA,NA,DQB1*02:01:01,DQB1*03:01:01,DPA1*01:03:01,NA,NA,NA,DPB1*04:01:01,NA,NA,NA,DMA*01:01:01,NA,DMB*01:03:01,DMB*01:01:01,NA,NA,NA,NA,DRB1*03:01:01,DRB1*04:01:01,NA,NA,NA,NA,NA,NA,NA,NA,NA,NA,NA,NA,NA,NA,NA,NA,NA,NA,NA,NA,NA,NA,NA,NA,NA,NA
ERR009133,A*03:01:01,NA,B*35:01:01,B*35:03:01,C*04:01:01,NA,E*01:06,E*01:03:01,F*01:03:01,NA,NA,NA,NA,NA,NA,NA,NA,NA,NA,NA,NA,NA,NA,NA,NA,NA,NA,NA,NA,NA,NA,NA,NA,NA,NA,NA,DRA*01:01:01,NA,NA,NA,DQA1*03:01:01,DQA1*01:01:01,NA,NA,DQB1*05:01:01,DQB1*03:02:01,DPA1*01:03:01,NA,NA,NA,DPB1*04:02:01,NA,NA,NA,DMA*01:01:01,DMA*01:02,DMB*01:01:01,NA,NA,NA,NA,NA,DRB1*01:01:01,DRB1*04:03:01,NA,NA,NA,NA,NA,NA,NA,NA,NA,NA,NA,NA,NA,NA,NA,NA,NA,NA,NA,NA,NA,NA,NA,NA,NA,NA
ERR009134,A*03:01:01,A*02:01:01,B*07:02:01,NA,C*07:02:01,NA,E*01:03:02,NA,F*01:03:01,F*01:01:01,NA,NA,H*01:01:01,H*02:04,NA,NA,K*01:01:01,K*01:02,NA,NA,NA,NA,NA,NA,NA,NA,NA,NA,NA,NA,NA,NA,NA,NA,NA,NA,DRA*01:01:01,DRA*01:02:03,NA,NA,DQA1*01:01:01,DQA1*01:02:01,NA,NA,DQB1*05:01:01,DQB1*06:02:01,DPA1*01:03:01,NA,NA,NA,DPB1*04:01:01,NA,NA,NA,DMA*01:01:01,NA,DMB*01:03:01,DMB*01:01:01,NA,NA,NA,NA,DRB1*01:03,DRB1*15:01:01,NA,NA,NA,NA,NA,NA,NA,NA,NA,NA,NA,NA,NA,NA,NA,NA,NA,NA,NA,NA,NA,NA,NA,NA,NA,NA
ERR009135,A*03:01:01,A*26:01:01,B*07:02:01,NA,C*07:02:01,NA,E*01:03:02,NA,F*01:03:01,F*01:01:01,NA,NA,NA,NA,NA,NA,NA,NA,NA,NA,NA,NA,NA,NA,NA,NA,NA,NA,NA,NA,NA,NA,NA,NA,NA,NA,DRA*01:02:03,NA,NA,NA,DQA1*01:02:01,NA,NA,NA,DQB1*06:02:01,NA,DPA1*01:03:01,NA,NA,NA,DPB1*04:02:01,DPB1*02:01:02,NA,NA,DMA*01:01:01,DMA*01:02,DMB*01:01:01,NA,NA,NA,NA,NA,DRB1*15:01:01,NA,NA,NA,NA,NA,NA,NA,NA,NA,NA,NA,NA,NA,NA,NA,NA,NA,NA,NA,NA,NA,NA,NA,NA,NA,NA,NA
ERR009136,A*01:01:01,A*11:69N,B*50:01:01,B*51:01:01,C*06:146,C*15:02:01,E*01:01:01,E*01:03:01,F*01:01:02,F*01:01:03,NA,NA,H*01:01:01,H*02:06,NA,NA,NA,NA,NA,NA,NA,NA,NA,NA,NA,NA,NA,NA,NA,NA,NA,NA,NA,NA,NA,NA,DRA*01:01:01,NA,NA,NA,DQA1*02:01,DQA1*03:03:01,NA,NA,DQB1*02:02:01,DQB1*03:01:01,DPA1*01:03:01,NA,NA,NA,DPB1*03:01:01,DPB1*02:01:02,NA,NA,DMA*01:01:01,NA,DMB*01:03:01,DMB*01:01:01,NA,NA,NA,NA,DRB1*04:07:01,DRB1*07:01:01,NA,NA,NA,NA,NA,NA,NA,NA,NA,NA,NA,NA,NA,NA,NA,NA,NA,NA,NA,NA,NA,NA,NA,NA,NA,NA
ERR009137,A*31:01:02,A*02:01:01,B*07:02:01,B*15:01:01,C*07:02:01,C*03:03:01,E*01:01:01,E*01:03:02,F*01:01:01,F*01:01:03,NA,NA,NA,NA,NA,NA,NA,NA,NA,NA,NA,NA,NA,NA,NA,NA,NA,NA,NA,NA,NA,NA,NA,NA,NA,NA,DRA*01:01:01,DRA*01:02:03,NA,NA,DQA1*03:01:01,DQA1*01:02:01,NA,NA,DQB1*06:02:01,DQB1*03:02:01,DPA1*01:03:01,NA,NA,NA,DPB1*06:01,DPB1*02:01:02,NA,NA,DMA*01:01:01,NA,DMB*01:01:01,NA,NA,NA,NA,NA,DRB1*04:04:01,DRB1*15:01:01,NA,NA,NA,NA,NA,NA,NA,NA,NA,NA,NA,NA,NA,NA,NA,NA,NA,NA,NA,NA,NA,NA,NA,NA,NA,NA
ERR009139,A*03:11N,A*24:02:01,B*07:02:01,B*39:06:02,C*07:01:01,C*07:02:01,E*01:01:01,E*01:03:01,F*01:01:01,F*01:01:03,NA,NA,NA,NA,NA,NA,NA,NA,NA,NA,NA,NA,NA,NA,NA,NA,NA,NA,NA,NA,NA,NA,NA,NA,NA,NA,DRA*01:01:01,DRA*01:02:02,NA,NA,DQA1*03:03:01,DQA1*01:02:01,NA,NA,DQB1*06:02:01,DQB1*03:01:01,DPA1*01:03:01,NA,NA,NA,DPB1*15:01:01,DPB1*39:01,NA,NA,DMA*01:01:01,NA,DMB*01:01:01,NA,NA,NA,NA,NA,DRB1*04:07:01,DRB1*15:01:01,NA,NA,NA,NA,NA,NA,NA,NA,NA,NA,NA,NA,NA,NA,NA,NA,NA,NA,NA,NA,NA,NA,NA,NA,NA,NA
ERR009140,A*02:01:01,NA,B*14:01:01,B*14:02:01,C*08:02:01,NA,E*01:01:01,NA,F*01:01:01,F*01:01:03,NA,NA,NA,NA,NA,NA,NA,NA,NA,NA,NA,NA,NA,NA,NA,NA,NA,NA,NA,NA,NA,NA,NA,NA,NA,NA,DRA*01:01:01,DRA*01:02:02,NA,NA,DQA1*02:01,DQA1*05:05:01,NA,NA,DQB1*02:02:01,DQB1*03:01:01,DPA1*01:03:01,NA,NA,NA,DPB1*01:01:01,DPB1*04:02:01,NA,NA,DMA*01:01:01,NA,DMB*01:03:01,NA,NA,NA,NA,NA,DRB1*13:03:01,DRB1*07:01:01,NA,NA,NA,NA,NA,NA,NA,NA,NA,NA,NA,NA,NA,NA,NA,NA,NA,NA,NA,NA,NA,NA,NA,NA,NA,NA
ERR009141,A*01:01:01,A*11:01:01,B*07:02:01,B*51:01:01,C*15:13,C*07:02:01,E*01:01:01,E*01:03:02,F*01:01:01,F*01:01:02,NA,NA,H*02:04,H*02:06,NA,NA,NA,NA,NA,NA,NA,NA,NA,NA,NA,NA,NA,NA,NA,NA,NA,NA,NA,NA,NA,NA,DRA*01:01:01,NA,NA,NA,DQA1*03:01:01,NA,NA,NA,DQB1*03:02:01,NA,DPA1*01:03:01,NA,NA,NA,DPB1*04:01:01,DPB1*15:01:01,NA,NA,DMA*01:01:01,NA,DMB*01:03:01,DMB*01:01:01,NA,NA,NA,NA,DRB1*04:02:01,DRB1*04:04:01,NA,NA,NA,NA,NA,NA,NA,NA,NA,NA,NA,NA,NA,NA,NA,NA,NA,NA,NA,NA,NA,NA,NA,NA,NA,NA
ERR009142,A*02:01:01,NA,B*27:05:02,B*57:01:01,C*02:02:02,C*06:02:01,E*01:01:01,E*01:03:01,F*01:01:01,F*01:01:03,NA,NA,NA,NA,NA,NA,NA,NA,NA,NA,NA,NA,NA,NA,NA,NA,NA,NA,NA,NA,NA,NA,NA,NA,NA,NA,DRA*01:01:01,DRA*01:01:02,NA,NA,DQA1*02:01,DQA1*03:01:01,NA,NA,DQB1*03:02:01,DQB1*03:03:02,DPA1*01:03:01,NA,NA,NA,DPB1*04:01:01,NA,NA,NA,DMA*01:01:01,NA,DMB*01:03:01,DMB*01:01:01,NA,NA,NA,NA,DRB1*07:01:01,DRB1*04:04:01,NA,NA,NA,NA,NA,NA,NA,NA,NA,NA,NA,NA,NA,NA,NA,NA,NA,NA,NA,NA,NA,NA,NA,NA,NA,NA
ERR009144,A*11:01:01,A*32:01:01,B*40:02:01,B*44:03:01,C*15:02:01,C*16:01:01,E*01:01:01,NA,F*01:01:02,NA,NA,NA,H*02:04,H*02:06,NA,NA,NA,NA,NA,NA,NA,NA,NA,NA,NA,NA,NA,NA,NA,NA,NA,NA,NA,NA,NA,NA,DRA*01:01:01,NA,NA,NA,DQA1*02:01,DQA1*01:04:01,NA,NA,DQB1*02:02:01,DQB1*05:03:01,DPA1*01:03:01,NA,NA,NA,DPB1*01:01:01,DPB1*04:01:01,NA,NA,DMA*01:01:01,DMA*01:02,DMB*01:01:01,NA,NA,NA,NA,NA,DRB1*14:04:01,DRB1*07:01:01,NA,NA,NA,NA,NA,NA,NA,NA,NA,NA,NA,NA,NA,NA,NA,NA,NA,NA,NA,NA,NA,NA,NA,NA,NA,NA
ERR009145,A*24:02:01,A*02:01:01,B*35:01:01,B*51:01:01,C*04:01:01,C*14:02:01,E*01:01:01,NA,F*01:01:01,F*01:01:02,NA,NA,NA,NA,NA,NA,NA,NA,NA,NA,NA,NA,NA,NA,NA,NA,NA,NA,NA,NA,NA,NA,NA,NA,NA,NA,DRA*01:01:01,DRA*01:02:02,NA,NA,DQA1*01:02:02,DQA1*04:01:01,NA,NA,DQB1*04:02:01,DQB1*05:02:01,DPA1*01:03:01,NA,NA,NA,DPB1*02:02,DPB1*03:01:01,NA,NA,DMA*01:01:01,NA,DMB*01:01:01,NA,NA,NA,NA,NA,DRB1*16:01:01,DRB1*08:01:03,NA,NA,NA,NA,NA,NA,NA,NA,NA,NA,NA,NA,NA,NA,NA,NA,NA,NA,NA,NA,NA,NA,NA,NA,NA,NA
ERR009146,A*30:02:01,A*26:01:01,B*18:01:01,B*44:02:01,C*05:01:01,NA,E*01:01:01,E*01:03:02,F*01:01:01,F*01:01:03,NA,NA,NA,NA,NA,NA,NA,NA,NA,NA,NA,NA,NA,NA,NA,NA,NA,NA,NA,NA,NA,NA,NA,NA,NA,NA,DRA*01:01:01,NA,NA,NA,DQA1*05:01:01,DQA1*05:05:01,NA,NA,DQB1*02:01:01,DQB1*03:01:01,DPA1*01:03:01,NA,NA,NA,DPB1*02:02,DPB1*04:02:01,NA,NA,DMA*01:01:01,NA,DMB*01:01:01,NA,NA,NA,NA,NA,DRB1*03:01:01,DRB1*11:04:01,NA,NA,NA,NA,NA,NA,NA,NA,NA,NA,NA,NA,NA,NA,NA,NA,NA,NA,NA,NA,NA,NA,NA,NA,NA,NA
ERR009147,A*02:01:01,A*68:01:02,B*07:02:01,B*15:01:01,C*07:02:01,C*03:03:01,E*01:01:01,E*01:03:02,F*01:01:01,F*01:01:02,NA,NA,NA,NA,NA,NA,NA,NA,NA,NA,NA,NA,NA,NA,NA,NA,NA,NA,NA,NA,NA,NA,NA,NA,NA,NA,DRA*01:01:01,DRA*01:02:03,NA,NA,DQA1*03:03:01,DQA1*01:02:01,NA,NA,DQB1*06:02:01,DQB1*03:01:01,DPA1*01:03:01,NA,NA,NA,DPB1*04:02:01,DPB1*03:01:01,NA,NA,DMA*01:01:01,NA,DMB*01:07,DMB*01:01:01,NA,NA,NA,NA,DRB1*04:01:01,DRB1*15:01:01,NA,NA,NA,NA,NA,NA,NA,NA,NA,NA,NA,NA,NA,NA,NA,NA,NA,NA,NA,NA,NA,NA,NA,NA,NA,NA
ERR009149,A*02:01:01,NA,B*55:01:01,B*44:02:01,C*05:01:01,C*03:03:01,E*01:01:01,NA,F*01:01:01,F*01:01:03,NA,NA,NA,NA,NA,NA,NA,NA,NA,NA,NA,NA,NA,NA,NA,NA,NA,NA,NA,NA,NA,NA,NA,NA,NA,NA,DRA*01:01:01,NA,NA,NA,DQA1*03:03:01,DQA1*01:04:01,NA,NA,DQB1*05:03:01,DQB1*03:01:01,DPA1*01:03:01,NA,NA,NA,DPB1*05:01:01,DPB1*02:01:02,NA,NA,DMA*01:01:01,NA,DMB*01:03:01,NA,NA,NA,NA,NA,DRB1*14:54:01,DRB1*04:01:01,NA,NA,NA,NA,NA,NA,NA,NA,NA,NA,NA,NA,NA,NA,NA,NA,NA,NA,NA,NA,NA,NA,NA,NA,NA,NA
ERR009151,A*03:01:01,A*24:02:01,B*08:132,B*39:06:02,C*07:01:01,C*07:02:01,E*01:01:01,E*01:03:02,F*01:03:01,F*01:01:01,NA,NA,NA,NA,NA,NA,NA,NA,NA,NA,NA,NA,NA,NA,NA,NA,NA,NA,NA,NA,NA,NA,NA,NA,NA,NA,DRA*01:01:01,DRA*01:02:02,NA,NA,DQA1*03:03:01,DQA1*01:02:01,NA,NA,DQB1*06:02:01,DQB1*03:01:01,DPA1*01:03:01,NA,NA,NA,DPB1*15:01:01,DPB1*39:01,NA,NA,DMA*01:01:01,DMA*01:02,DMB*01:03:01,DMB*01:01:01,NA,NA,NA,NA,DRB1*04:02:01,DRB1*15:01:01,NA,NA,NA,NA,NA,NA,NA,NA,NA,NA,NA,NA,NA,NA,NA,NA,NA,NA,NA,NA,NA,NA,NA,NA,NA,NA
ERR009152,A*01:01:01,A*03:01:01,B*07:02:01,B*08:01:01,C*07:01:01,C*07:02:01,E*01:01:01,E*01:03:02,F*01:03:01,F*01:01:01,NA,NA,NA,NA,NA,NA,NA,NA,NA,NA,NA,NA,NA,NA,NA,NA,NA,NA,NA,NA,NA,NA,NA,NA,NA,NA,DRA*01:01:01,DRA*01:02:03,NA,NA,DQA1*01:02:01,DQA1*05:05:01,NA,NA,DQB1*06:02:01,DQB1*03:01:01,DPA1*01:03:01,NA,NA,NA,DPB1*04:01:01,DPB1*04:02:01,NA,NA,DMA*01:01:01,NA,DMB*01:01:01,NA,NA,NA,NA,NA,DRB1*01:03,DRB1*15:01:01,NA,NA,NA,NA,NA,NA,NA,NA,NA,NA,NA,NA,NA,NA,NA,NA,NA,NA,NA,NA,NA,NA,NA,NA,NA,NA
ERR009154,A*02:01:01,A*68:01:02,B*40:01:02,B*44:02:01,C*07:04:01,C*03:04:01,E*01:01:01,E*01:03:02,F*01:01:02,F*01:04,NA,NA,NA,NA,NA,NA,NA,NA,NA,NA,NA,NA,NA,NA,NA,NA,NA,NA,NA,NA,NA,NA,NA,NA,NA,NA,DRA*01:01:01,DRA*01:02:02,NA,NA,DQA1*05:01:01,DQA1*05:05:01,NA,NA,DQB1*02:01:01,DQB1*03:01:01,DPA1*01:03:01,NA,NA,NA,DPB1*04:01:01,NA,NA,NA,DMA*01:01:01,NA,DMB*01:01:01,NA,NA,NA,NA,NA,DRB1*03:01:01,DRB1*11:01:01,NA,NA,NA,NA,NA,NA,NA,NA,NA,NA,NA,NA,NA,NA,NA,NA,NA,NA,NA,NA,NA,NA,NA,NA,NA,NA
ERR009155,A*29:02:01,A*02:01:01,B*07:02:01,B*27:05:02,C*07:02:01,C*01:02:01,E*01:03:02,NA,F*01:01:01,F*01:01:03,NA,NA,NA,NA,NA,NA,NA,NA,NA,NA,NA,NA,NA,NA,NA,NA,NA,NA,NA,NA,NA,NA,NA,NA,NA,NA,DRA*01:02:03,NA,NA,NA,DQA1*01:02:01,NA,NA,NA,DQB1*06:02:01,NA,DPA1*01:03:01,NA,NA,NA,DPB1*04:01:01,DPB1*05:01:01,NA,NA,DMA*01:01:01,NA,DMB*01:01:01,NA,NA,NA,NA,NA,DRB1*15:01:01,NA,NA,NA,NA,NA,NA,NA,NA,NA,NA,NA,NA,NA,NA,NA,NA,NA,NA,NA,NA,NA,NA,NA,NA,NA,NA,NA
ERR009156,A*02:01:01,NA,B*44:02:01,B*51:01:01,C*05:01:01,C*14:02:01,E*01:01:01,E*01:03:02,F*01:01:01,F*01:01:03,NA,NA,NA,NA,NA,NA,NA,NA,NA,NA,NA,NA,NA,NA,NA,NA,NA,NA,NA,NA,NA,NA,NA,NA,NA,NA,DRA*01:01:01,DRA*01:02:02,NA,NA,DQA1*03:01:01,DQA1*04:01:01,NA,NA,DQB1*04:02:01,DQB1*03:02:01,DPA1*01:03:01,NA,NA,NA,DPB1*10:01,DPB1*02:01:02,NA,NA,DMA*01:01:01,NA,DMB*01:01:01,NA,NA,NA,NA,NA,DRB1*08:01:03,DRB1*04:01:01,NA,NA,NA,NA,NA,NA,NA,NA,NA,NA,NA,NA,NA,NA,NA,NA,NA,NA,NA,NA,NA,NA,NA,NA,NA,NA
ERR009157,A*01:01:01,A*02:01:01,B*07:02:01,NA,C*07:02:01,NA,E*01:01:01,NA,F*01:01:03,NA,NA,NA,NA,NA,NA,NA,NA,NA,NA,NA,NA,NA,NA,NA,NA,NA,NA,NA,NA,NA,NA,NA,NA,NA,NA,NA,DRA*01:02:02,DRA*01:02:03,NA,NA,DQA1*01:03:01,DQA1*01:02:01,NA,NA,DQB1*06:03:01,DQB1*06:02:01,DPA1*01:03:01,NA,NA,NA,DPB1*04:01:01,DPB1*02:01:02,NA,NA,DMA*01:01:01,NA,DMB*01:03:01,DMB*01:01:01,NA,NA,NA,NA,DRB1*13:01:01,DRB1*15:01:01,NA,NA,NA,NA,NA,NA,NA,NA,NA,NA,NA,NA,NA,NA,NA,NA,NA,NA,NA,NA,NA,NA,NA,NA,NA,NA
ERR009159,A*03:01:01,A*02:01:01,B*07:02:01,B*57:01:01,C*07:02:01,C*06:02:01,E*01:01:01,E*01:03:02,F*01:03:01,F*01:01:01,NA,NA,NA,NA,NA,NA,NA,NA,NA,NA,NA,NA,NA,NA,NA,NA,NA,NA,NA,NA,NA,NA,NA,NA,NA,NA,DRA*01:02:03,NA,NA,NA,DQA1*01:02:01,NA,NA,NA,DQB1*06:02:01,NA,DPA1*01:03:01,NA,NA,NA,DPB1*04:01:01,NA,NA,NA,DMA*01:01:01,NA,DMB*01:03:01,NA,NA,NA,NA,NA,DRB1*15:01:01,NA,NA,NA,NA,NA,NA,NA,NA,NA,NA,NA,NA,NA,NA,NA,NA,NA,NA,NA,NA,NA,NA,NA,NA,NA,NA,NA
ERR009163,A*26:01:01,A*02:06:01,B*38:01:01,B*35:01:01,C*04:01:01,C*12:03:01,E*01:01:01,E*01:03:01,F*01:01:01,F*01:01:03,NA,NA,NA,NA,NA,NA,NA,NA,NA,NA,NA,NA,NA,NA,NA,NA,NA,NA,NA,NA,NA,NA,NA,NA,NA,NA,DRA*01:01:01,NA,NA,NA,DQA1*03:01:01,DQA1*01:01:01,NA,NA,DQB1*05:01:01,DQB1*03:02:01,DPA1*01:03:01,NA,NA,NA,DPB1*04:01:01,DPB1*04:02:01,NA,NA,DMA*01:01:01,NA,DMB*01:01:01,NA,NA,NA,NA,NA,DRB1*01:01:01,DRB1*04:04:01,NA,NA,NA,NA,NA,NA,NA,NA,NA,NA,NA,NA,NA,NA,NA,NA,NA,NA,NA,NA,NA,NA,NA,NA,NA,NA
ERR009164,A*01:01:01,A*02:01:01,B*07:02:01,B*08:01:01,C*07:66,C*07:01:01,E*01:01:01,NA,F*01:01:01,F*01:01:02,NA,NA,NA,NA,NA,NA,NA,NA,NA,NA,NA,NA,NA,NA,NA,NA,NA,NA,NA,NA,NA,NA,NA,NA,NA,NA,DRA*01:01:01,NA,NA,NA,DQA1*01:01:01,DQA1*01:04:01,NA,NA,DQB1*05:03:01,DQB1*05:01:01,DPA1*01:03:01,NA,NA,NA,DPB1*04:01:01,DPB1*04:02:01,NA,NA,DMA*01:01:01,NA,DMB*01:07,DMB*01:01:01,NA,NA,NA,NA,DRB1*01:01:01,DRB1*14:54:01,NA,NA,NA,NA,NA,NA,NA,NA,NA,NA,NA,NA,NA,NA,NA,NA,NA,NA,NA,NA,NA,NA,NA,NA,NA,NA
ERR009166,A*02:17:01,A*01:01:01,B*07:02:01,B*44:02:01,C*07:01:01,C*05:01:01,E*01:01:01,NA,F*01:01:01,F*01:01:03,NA,NA,NA,NA,NA,NA,NA,NA,NA,NA,NA,NA,NA,NA,NA,NA,NA,NA,NA,NA,NA,NA,NA,NA,NA,NA,DRA*01:01:01,DRA*01:02:03,NA,NA,DQA1*01:02:01,DQA1*03:03:01,NA,NA,DQB1*06:02:01,DQB1*03:01:01,DPA1*01:03:01,NA,NA,NA,DPB1*04:01:01,NA,NA,NA,NA,NA,NA,NA,NA,NA,NA,NA,DRB1*04:01:01,DRB1*15:01:01,NA,NA,NA,NA,NA,NA,NA,NA,NA,NA,NA,NA,NA,NA,NA,NA,NA,NA,NA,NA,NA,NA,NA,NA,NA,NA
ERR009167,A*01:01:01,A*24:02:01,B*08:01:01,B*39:06:02,C*07:01:01,C*07:02:01,E*01:01:01,NA,F*01:01:03,NA,NA,NA,NA,NA,NA,NA,NA,NA,NA,NA,NA,NA,NA,NA,NA,NA,NA,NA,NA,NA,NA,NA,NA,NA,NA,NA,DRA*01:01:01,DRA*01:02:02,NA,NA,DQA1*03:01:01,DQA1*05:01:01,NA,NA,DQB1*02:01:01,DQB1*03:02:01,DPA1*01:03:01,NA,NA,NA,DPB1*01:01:01,NA,NA,NA,DMA*01:01:01,NA,DMB*01:03:01,DMB*01:01:01,NA,NA,NA,NA,DRB1*03:01:01,DRB1*04:04:01,NA,NA,NA,NA,NA,NA,NA,NA,NA,NA,NA,NA,NA,NA,NA,NA,NA,NA,NA,NA,NA,NA,NA,NA,NA,NA
ERR009168,A*32:01:01,A*02:01:01,B*08:01:01,B*40:02:01,C*07:01:01,C*02:02:02,E*01:01:01,NA,F*01:01:01,F*01:01:03,NA,NA,NA,NA,NA,NA,NA,NA,NA,NA,NA,NA,NA,NA,NA,NA,NA,NA,NA,NA,NA,NA,NA,NA,NA,NA,DRA*01:01:01,NA,NA,NA,DQA1*03:01:01,DQA1*01:01:01,NA,NA,DQB1*05:01:01,DQB1*03:02:01,DPA1*01:03:01,NA,NA,NA,DPB1*03:01:01,NA,NA,NA,DMA*01:01:01,NA,DMB*01:01:01,NA,NA,NA,NA,NA,DRB1*01:01:01,DRB1*04:04:01,NA,NA,NA,NA,NA,NA,NA,NA,NA,NA,NA,NA,NA,NA,NA,NA,NA,NA,NA,NA,NA,NA,NA,NA,NA,NA
