ERR,A1,A2,B1,B2,C1,C2,DMA1,DMA2,DPA11,DPA12,DPB11,DPB12,E1,E2,F1,F2,K1,K2,DRA1,DRA2,DRB1,DRB1.1,DQA11,DQA12,J1,J2
SRR5252846,A*01:01,A*02:01,B*44:02,B*51:01,C*07:554,C*05:01,DMA*01:01,DMA*01:01,DPA1*01:03,DPA1*01:03,DPB1*677:01,DPB1*02:01,E*01:01,E*01:01,F*01:01,F*01:01,K*01:02,K*01:02,,,,,,,,
SRR5252837,A*02:01,A*11:01,B*27:05,B*18:01,C*07:01,C*01:02,DMA*01:02,DMA*01:02,DPA1*01:03,DPA1*01:03,DPB1*02:01,DPB1*04:01,E*01:01,E*01:03,F*01:01,F*01:01,K*01:02,K*01:02,DRA*01:01,DRA*01:02,DRB1*01:01,DRB1*13:01,,,,
SRR5252862,A*01:01,A*02:01,B*51:01,B*44:02,C*05:01,C*07:970N,,,,,,,E*01:01,E*01:01,F*01:01,F*01:01,K*01:02,K*01:02,,,,,,,,
SRR5252851,A*01:01,A*02:845,B*51:01,B*55:01,C*03:03,C*15:02,,,DPA1*02:01,DPA1*01:03,,,E*01:01,E*01:01,F*01:01,F*01:01,K*01:02,K*01:02,,,,,,,,
SRR5252844,A*01:01,A*03:374N,B*07:02,B*08:01,C*07:01,C*07:02,DMA*01:01,DMA*01:01,DPA1*01:03,DPA1*01:03,DPB1*02:01,DPB1*04:01,E*01:01,E*01:03,F*01:01,F*01:03,K*01:01,K*01:01,,,,,,,,
SRR5252835,A*01:01,A*02:01,B*51:01,B*55:01,C*15:02,C*03:03,DMA*01:01,DMA*01:02,DPA1*02:01,DPA1*01:03,DPB1*13:01,DPB1*39:01,E*01:01,E*01:01,F*01:01,F*01:01,K*01:02,K*01:02,,,,,,,,
SRR5252855,A*24:459,A*24:459,B*07:02,B*18:01,C*03:03,C*07:02,,,,,,,E*01:03,E*01:03,,,,,,,,,,,,
SRR5252853,A*01:01,A*02:01,B*27:05,B*18:01,C*07:970N,C*01:02,,,,,,,E*01:01,E*01:03,F*01:01,F*01:01,K*01:02,K*01:02,DRA*01:01,DRA*01:02,,,DQA1*01:03,DQA1*01:01,,
SRR5252860,A*01:01,A*03:401,B*07:423,B*08:01,C*07:02,C*07:01,,,,,,,E*01:01,E*01:03,F*01:03,F*01:01,,,DRA*01:02,DRA*01:02,,,,,,
SRR5252845,A*26:01,A*02:01,B*40:01,B*51:01,C*03:04,C*14:02,DMA*01:01,DMA*01:01,DPA1*01:03,DPA1*01:03,DPB1*04:01,DPB1*04:01,E*01:01,E*01:03,F*01:01,F*01:01,K*01:01,K*01:02,DRA*01:02,DRA*01:02,DRB1*15:01,DRB1*13:01,DQA1*01:03,DQA1*01:02,,
SRR5252843,A*01:313,A*03:01,B*08:01,B*35:01,C*04:01,C*07:01,DMA*01:01,DMA*01:01,DPA1*02:01,DPA1*01:03,DPB1*04:02,DPB1*01:01,E*01:03,E*01:06,F*01:01,F*01:03,K*01:01,K*01:01,,,,,,,J*01:01,J*01:01
SRR5252859,A*01:281Q,A*03:01,B*35:01,B*08:01,C*07:01,C*04:01,,,,,,,E*01:03,E*01:06,F*01:01,F*01:03,,,,,,,,,,
SRR5252839,A*11:306,A*24:02,B*07:02,B*15:01,C*07:02,C*03:03,DMA*01:01,DMA*01:01,DPA1*01:03,DPA1*01:03,DPB1*04:01,DPB1*03:01,E*01:03,E*01:03,F*01:01,F*01:03,,,,,,,,,,
SRR5252861,A*02:01,A*26:01,B*51:01,B*40:01,C*03:82,C*14:02,,,,,,,E*01:03,E*01:01,F*01:01,F*01:06,K*01:01,K*01:02,DRA*01:02,DRA*01:02,,,,,,
